{ "indexes" : [ { "v" : 1, "key" : { "_id" : 1 }, "name" : "_id_", "ns" : "cbtpl.Contents" }, { "v" : 1, "key" : { "workspace.target" : 1, "createTime" : -1 }, "name" : "workspace_target_1_createTime_-1", "ns" : "cbtpl.Contents", "w" : true }, { "v" : 1, "key" : { "workspace.target" : 1, "typeId" : 1, "createTime" : -1 }, "name" : "workspace_target_1_typeId_1_createTime_-1", "ns" : "cbtpl.Contents", "w" : true }, { "v" : 1, "key" : { "live.target" : 1, "createTime" : -1 }, "name" : "live_target_1_createTime_-1", "ns" : "cbtpl.Contents", "w" : true }, { "v" : 1, "key" : { "live.target" : 1, "typeId" : 1, "createTime" : -1 }, "name" : "live_target_1_typeId_1_createTime_-1", "ns" : "cbtpl.Contents", "w" : true }, { "v" : 1, "key" : { "workspace.target" : 1, "text" : 1 }, "name" : "workspace_target_1_text_1", "ns" : "cbtpl.Contents", "w" : true }, { "v" : 1, "key" : { "workspace.target" : 1, "typeId" : 1, "text" : 1 }, "name" : "workspace_target_1_typeId_1_text_1", "ns" : "cbtpl.Contents", "w" : true }, { "v" : 1, "key" : { "live.target" : 1, "text" : 1 }, "name" : "live_target_1_text_1", "ns" : "cbtpl.Contents", "w" : true }, { "v" : 1, "key" : { "live.target" : 1, "typeId" : 1, "text" : 1 }, "name" : "live_target_1_typeId_1_text_1", "ns" : "cbtpl.Contents", "w" : true }, { "v" : 1, "key" : { "live.startPublicationDate" : 1 }, "name" : "live_startPublicationDate_1", "ns" : "cbtpl.Contents", "w" : true }, { "v" : 1, "key" : { "isProduct" : 1 }, "name" : "isProduct_1", "ns" : "cbtpl.Contents", "w" : true }, { "v" : 1, "key" : { "live.endPublicationDate" : 1 }, "name" : "live_endPublicationDate_1", "ns" : "cbtpl.Contents", "w" : true } ] }