{ "indexes" : [ { "v" : 1, "key" : { "_id" : 1 }, "name" : "_id_", "ns" : "cbtpl.Dam" }, { "v" : 1, "key" : { "target" : 1, "createTime" : -1 }, "name" : "target_1_createTime_-1", "ns" : "cbtpl.Dam", "w" : true }, { "v" : 1, "key" : { "mainFileType" : 1, "target" : 1, "createTime" : -1 }, "name" : "mainFileType_1_target_1_createTime_-1", "ns" : "cbtpl.Dam", "w" : true }, { "v" : 1, "unique" : true, "key" : { "originalFileId" : 1 }, "name" : "originalFileId_1", "ns" : "cbtpl.Dam", "w" : true } ] }