{ "indexes" : [ { "v" : 1, "key" : { "_id" : 1 }, "name" : "_id_", "ns" : "cbtpl.Pages" }, { "v" : 1, "key" : { "site" : 1, "parentId" : 1, "orderValue" : 1 }, "name" : "site_1_parentId_1_orderValue_1", "ns" : "cbtpl.Pages", "w" : true }, { "v" : 1, "key" : { "site" : 1, "parentId" : 1, "workspace" : 1, "orderValue" : 1 }, "name" : "site_1_parentId_1_workspace_1_orderValue_1", "ns" : "cbtpl.Pages", "w" : true }, { "v" : 1, "unique" : true, "key" : { "text" : 1, "parentId" : 1, "site" : 1 }, "name" : "text_1_parentId_1_site_1", "ns" : "cbtpl.Pages", "w" : true } ] }