{ "indexes" : [ { "v" : 1, "key" : { "_id" : 1 }, "name" : "_id_", "ns" : "agtpl.Directories" }, { "v" : 1, "key" : { "filePlan" : 1, "parentId" : 1, "orderValue" : 1 }, "name" : "filePlan_1_parentId_1_orderValue_1", "ns" : "agtpl.Directories", "w" : true }, { "v" : 1, "key" : { "filePlan" : 1, "parentId" : 1, "workspace" : 1, "orderValue" : 1 }, "name" : "filePlan_1_parentId_1_workspace_1_orderValue_1", "ns" : "agtpl.Directories", "w" : true }, { "v" : 1, "unique" : true, "key" : { "text" : 1, "parentId" : 1, "filePlan" : 1 }, "name" : "text_1_parentId_1_filePlan_1", "ns" : "agtpl.Directories", "w" : true } ] }