{ "indexes" : [ { "v" : 1, "key" : { "_id" : 1 }, "name" : "_id_", "ns" : "sptpl.Groups" }, { "v" : 1, "unique" : true, "key" : { "name" : 1, "parentId" : 1 }, "name" : "name_1_parentId_1", "ns" : "sptpl.Groups", "w" : true }, { "v" : 1, "key" : { "parentId" : 1 }, "name" : "parentId_1", "ns" : "sptpl.Groups", "w" : true }, { "v" : 1, "key" : { "members" : 1 }, "name" : "members_1", "ns" : "sptpl.Groups", "w" : true }, { "v" : 1, "key" : { "name" : 1 }, "name" : "name_1", "ns" : "sptpl.Groups", "w" : true } ] }